<?xml version="1.0" encoding="UTF-8"?>

<mule xmlns:vm="http://www.mulesoft.org/schema/mule/vm" xmlns:utils="http://www.mulesoft.org/schema/mule/utils" xmlns:metadata="http://www.mulesoft.org/schema/mule/metadata" xmlns:mulexml="http://www.mulesoft.org/schema/mule/xml"
	xmlns:dw="http://www.mulesoft.org/schema/mule/ee/dw"
	xmlns:microsoft-azure-service-bus="http://www.mulesoft.org/schema/mule/microsoft-azure-service-bus" xmlns="http://www.mulesoft.org/schema/mule/core" xmlns:doc="http://www.mulesoft.org/schema/mule/documentation"
	xmlns:spring="http://www.springframework.org/schema/beans" 
	xmlns:xsi="http://www.w3.org/2001/XMLSchema-instance"
	xsi:schemaLocation="http://www.springframework.org/schema/beans http://www.springframework.org/schema/beans/spring-beans-current.xsd
http://www.mulesoft.org/schema/mule/microsoft-azure-service-bus http://www.mulesoft.org/schema/mule/microsoft-azure-service-bus/current/mule-microsoft-azure-service-bus.xsd
http://www.mulesoft.org/schema/mule/ee/dw http://www.mulesoft.org/schema/mule/ee/dw/current/dw.xsd
http://www.mulesoft.org/schema/mule/core http://www.mulesoft.org/schema/mule/core/current/mule.xsd
http://www.mulesoft.org/schema/mule/xml http://www.mulesoft.org/schema/mule/xml/current/mule-xml.xsd
http://www.mulesoft.org/schema/mule/vm http://www.mulesoft.org/schema/mule/vm/current/mule-vm.xsd
http://www.mulesoft.org/schema/mule/utils http://www.mulesoft.org/schema/mule/utils/current/mule-utils.xsd">
	<vm:connector name="VM" validateConnections="true" doc:name="VM"/>
	<flow name="adt-to-fhirFlow">
		<microsoft-azure-service-bus:queue-listener config-ref="Microsoft_Azure_Service_Bus__Basic_authentication" queue="${azure.queuename.er7}" doc:name="Microsoft Azure Service Bus (Streaming)"/>
		<mulexml:dom-to-xml-transformer doc:name="DOM to XML"/>
		<dw:transform-message doc:name="Transform Message - Generalize ADT root tag">
			<dw:set-payload><![CDATA[%dw 1.0
%output application/xml
---
payload mapObject {
		ADT @(xmlns:"urn:hl7-org:v2xml"): $
		}]]></dw:set-payload>
		</dw:transform-message>
		<dw:transform-message doc:name="Transform Message - Map PID to Patient resource" metadata:id="4869ef7a-729d-45ae-81e8-19280e88ca0e">
			<dw:input-payload mimeType="application/xml" doc:sample="/Users/ksreekanta/Documents/Health-Assets/HL7-Sample.xml"/>
			<dw:set-payload><![CDATA[%dw 1.0
%output application/json
%namespace ns0 urn:hl7-org:v2xml
---
{
	resourceType: "Patient",
	identifier: [{
		value: payload.ns0#ADT.ns0#PID.ns0#"PID.3".ns0#"CX.1" as :string
	}],
	name: [{
		family: payload.ns0#ADT.ns0#PID.ns0#"PID.5".ns0#"XPN.1".ns0#"FN.1",
		given: payload.ns0#ADT.ns0#PID.ns0#"PID.5".ns0#"XPN.5"
	}],
		address: payload.ns0#ADT.ns0#PID.*ns0#"PID.11" map ((pID11 , indexOfPID11) -> {
		type: "both",
		text: pID11.ns0#"XAD.1".ns0#"SAD.1",
		city: pID11.ns0#"XAD.3",
		state: pID11.ns0#"XAD.4",
		postalCode: pID11.ns0#"XAD.5"
	})
}
]]></dw:set-payload>
		</dw:transform-message>
		<utils:log-message config-ref="Mule_Utilities__Mule_Utilities_Configuration" category="DEBUG" transport="HTTP" logInitialContext="true" doc:name="Mule Utilities - Log message"/>
		<microsoft-azure-service-bus:publish config-ref="Microsoft_Azure_Service_Bus__Basic_authentication" destination="QUEUE||${azure.queuename.json}" doc:name="Microsoft Azure Service Bus"/>
		<catch-exception-strategy doc:name="Catch Exception Strategy">
			<logger message="Got an exception - #[payload]" level="INFO" doc:name="Logger"/>
		</catch-exception-strategy>
	</flow>
</mule>
