<?xml version="1.0" encoding="UTF-8"?>

<mule xmlns:json="http://www.mulesoft.org/schema/mule/json" xmlns:http="http://www.mulesoft.org/schema/mule/http" xmlns:vm="http://www.mulesoft.org/schema/mule/vm" xmlns:microsoft-azure-service-bus="http://www.mulesoft.org/schema/mule/microsoft-azure-service-bus" xmlns="http://www.mulesoft.org/schema/mule/core" xmlns:doc="http://www.mulesoft.org/schema/mule/documentation"
	xmlns:spring="http://www.springframework.org/schema/beans" 
	xmlns:xsi="http://www.w3.org/2001/XMLSchema-instance"
	xsi:schemaLocation="http://www.springframework.org/schema/beans http://www.springframework.org/schema/beans/spring-beans-current.xsd
http://www.mulesoft.org/schema/mule/core http://www.mulesoft.org/schema/mule/core/current/mule.xsd
http://www.mulesoft.org/schema/mule/vm http://www.mulesoft.org/schema/mule/vm/current/mule-vm.xsd
http://www.mulesoft.org/schema/mule/microsoft-azure-service-bus http://www.mulesoft.org/schema/mule/microsoft-azure-service-bus/current/mule-microsoft-azure-service-bus.xsd
http://www.mulesoft.org/schema/mule/http http://www.mulesoft.org/schema/mule/http/current/mule-http.xsd
http://www.mulesoft.org/schema/mule/json http://www.mulesoft.org/schema/mule/json/current/mule-json.xsd">
	<http:request-config name="HTTP_Request_Configuration-TokenGen" protocol="HTTPS" host="login.microsoftonline.com" port="443" basePath="/010821a7-8e16-48c2-8f9f-d7493fb54a04/oauth2/token" doc:name="HTTP Request Configuration"/>
	<http:request-config name="HTTP_Request_Configuration_AzureFHIR" protocol="HTTPS" host="learn-fhir-api.azurehealthcareapis.com" port="443" basePath="/Patient" doc:name="HTTP Request Configuration"/>
	<flow name="azurefhir-sendFlow">
		<microsoft-azure-service-bus:queue-listener config-ref="Microsoft_Azure_Service_Bus__Basic_authentication" queue="${azure.queuename.json}" doc:name="Microsoft Azure Service Bus (Streaming)"/>
		<set-variable variableName="Patient_Payload" value="#[payload]" doc:name="Variable - Store the JSON payload"/>
		<set-payload value="client_id=${azure.ad.client_id}
&amp;scope=https%3A%2F%2Fgraph.microsoft.com%2Fmail.read
&amp;refresh_token=${azure.ad.refresh_token}
&amp;grant_type=refresh_token
&amp;client_secret=${azure.ad.client_secret}" doc:name="Set Payload to get token"/>
		<http:request config-ref="HTTP_Request_Configuration-TokenGen" path="/" method="POST" doc:name="HTTP - Hit the /token endpoint">
			<http:success-status-code-validator values="200..299"/>
		</http:request>
		<byte-array-to-string-transformer doc:name="Byte Array to String"/>
		<set-variable variableName="access_token" value="#[json:access_token]" doc:name="Variable - Set access_token"/>
		<set-payload value="#[flowVars.Patient_Payload]" doc:name="Set Payload"/>
		<http:request config-ref="HTTP_Request_Configuration_AzureFHIR" path="/" method="POST" doc:name="HTTP">
			<http:request-builder>
				<http:header headerName="Content-Type" value="application/json"/>
				<http:header headerName="Authorization" value="Bearer #[flowVars.access_token]"/>
			</http:request-builder>
		</http:request>
	</flow>
</mule>
