<?xml version="1.0" encoding="UTF-8"?>

<mule xmlns:mulexml="http://www.mulesoft.org/schema/mule/xml"
	xmlns:dw="http://www.mulesoft.org/schema/mule/ee/dw"
	xmlns:hl7="http://www.mulesoft.org/schema/mule/hl7" xmlns="http://www.mulesoft.org/schema/mule/core" xmlns:doc="http://www.mulesoft.org/schema/mule/documentation" xmlns:spring="http://www.springframework.org/schema/beans" xmlns:utils="http://www.mulesoft.org/schema/mule/utils" xmlns:mllp="http://www.mulesoft.org/schema/mule/mllp" xmlns:microsoft-azure-service-bus="http://www.mulesoft.org/schema/mule/microsoft-azure-service-bus" xmlns:context="http://www.springframework.org/schema/context" xmlns:core="http://www.mulesoft.org/schema/mule/core" xmlns:xsi="http://www.w3.org/2001/XMLSchema-instance" xsi:schemaLocation="http://www.mulesoft.org/schema/mule/xml http://www.mulesoft.org/schema/mule/xml/current/mule-xml.xsd
http://www.mulesoft.org/schema/mule/ee/dw http://www.mulesoft.org/schema/mule/ee/dw/current/dw.xsd
http://www.springframework.org/schema/beans http://www.springframework.org/schema/beans/spring-beans-current.xsd
http://www.mulesoft.org/schema/mule/utils http://www.mulesoft.org/schema/mule/utils/current/mule-utils.xsd
http://www.mulesoft.org/schema/mule/mllp http://www.mulesoft.org/schema/mule/mllp/current/mule-mllp.xsd
http://www.mulesoft.org/schema/mule/microsoft-azure-service-bus http://www.mulesoft.org/schema/mule/microsoft-azure-service-bus/current/mule-microsoft-azure-service-bus.xsd
http://www.springframework.org/schema/context http://www.springframework.org/schema/context/spring-context-current.xsd
http://www.mulesoft.org/schema/mule/core http://www.mulesoft.org/schema/mule/core/current/mule.xsd
http://www.mulesoft.org/schema/mule/hl7 http://www.mulesoft.org/schema/mule/hl7/current/mule-hl7.xsd">
    <utils:config name="Mule_Utilities__Mule_Utilities_Configuration" doc:name="Mule Utilities: Mule Utilities Configuration"/>
    <microsoft-azure-service-bus:basic-authentication-config name="Microsoft_Azure_Service_Bus__Basic_authentication" sharedAccessKeyName="${azure.keyname}" sharedAccessKey="${azure.saskey}" namespace="${azure.namespace}" doc:name="Microsoft Azure Service Bus: Basic authentication"/>
    <context:property-placeholder location="configfile.properties"/>
    <flow name="er7-mllp-readFlow">
        <mllp:inbound-endpoint host="localhost" port="8888" responseTimeout="10000" exchange-pattern="request-response" doc:name="HL7 MLLP"/>
        <utils:init-metadata config-ref="Mule_Utilities__Mule_Utilities_Configuration" initialComponent="er7-mllp-read" initialOperation="Read ER7 messages over MLLP" doc:name="Mule Utilities - Init"/>
		<hl7:hl7-encoding-transformer hl7Encoding="XML" doc:name="HL7 Encoding Transformer - Convert to XML"/>
		<microsoft-azure-service-bus:publish config-ref="Microsoft_Azure_Service_Bus__Basic_authentication" destination="QUEUE||${azure.queuename.er7}" doc:name="Microsoft Azure Service Bus - Publish XML encoded message"/>
		<utils:log-message config-ref="Mule_Utilities__Mule_Utilities_Configuration" category="DEBUG" payloadType="XML" logInitialContext="true" doc:name="Mule Utilities - Log message"/>
		<response>
			<hl7:hl7-encoding-transformer hl7Encoding="ER7" doc:name="HL7 Encoding Transformer - XML to ER7"/>
		</response>
		<hl7:ack-component ackCode="CA" validation="WEAK" doc:name="HL7 ACK - Success"/>
		<hl7:exception-strategy ackCode="AE" doc:name="HL7 ACK - Exception"/>
    </flow>
</mule>
